fips,lat,lon
0,45.5,148.8
1,45.5,148.8
2,45.4,141.8
3,45.4,141.8
4,45.4,141.9
5,45.4,142.0
6,45.4,147.9
7,45.4,148.6
8,45.4,148.8
9,45.4,148.8
10,45.3,141.8
11,45.3,141.8
12,45.3,141.9
13,45.3,142.0
14,45.3,142.1
15,45.3,142.2
16,45.3,147.9
17,45.3,148.0
18,45.3,148.4
19,45.3,148.5
20,45.2,141.2
21,45.2,141.2
22,45.2,141.8
23,45.2,141.8
24,45.2,141.9
25,45.2,142.0
26,45.2,142.1
27,45.2,142.2
28,45.2,142.2
29,45.2,147.8
30,45.2,147.9
31,45.2,148.0
32,45.2,148.1
33,45.2,148.2
34,45.1,141.8
35,45.1,141.8
36,45.1,141.9
37,45.1,142.0
38,45.1,142.1
39,45.1,142.2
40,45.1,142.2
41,45.1,142.4
42,45.1,147.8
43,45.1,147.8
44,45.1,147.9
45,45.1,148.0
46,45.0,141.8
47,45.0,141.8
48,45.0,141.9
49,45.0,142.0
50,45.0,142.1
51,45.0,142.2
52,45.0,142.2
53,45.0,142.4
54,45.0,147.6
55,45.0,147.8
56,45.0,147.9
57,44.9,141.8
58,44.9,141.9
59,44.9,142.0
60,44.9,142.1
61,44.9,142.2
62,44.9,142.2
63,44.9,142.4
64,44.9,142.5
65,44.9,147.4
66,44.9,147.5
67,44.9,147.6
68,44.8,141.9
69,44.8,142.0
70,44.8,142.1
71,44.8,142.2
72,44.8,142.2
73,44.8,142.4
74,44.8,142.5
75,44.8,142.6
76,44.8,147.2
77,44.8,147.4
78,44.7,141.8
79,44.7,141.9
80,44.7,142.0
81,44.7,142.1
82,44.7,142.2
83,44.7,142.2
84,44.7,142.4
85,44.7,142.5
86,44.7,142.6
87,44.7,142.8
88,44.7,142.8
89,44.7,147.2
90,44.6,141.9
91,44.6,142.0
92,44.6,142.1
93,44.6,142.2
94,44.6,142.2
95,44.6,142.4
96,44.6,142.5
97,44.6,142.6
98,44.6,142.8
99,44.6,142.8
100,44.6,142.9
101,44.6,147.1
102,44.6,147.2
103,44.5,141.8
104,44.5,141.9
105,44.5,142.0
106,44.5,142.1
107,44.5,142.2
108,44.5,142.2
109,44.5,142.4
110,44.5,142.5
111,44.5,142.6
112,44.5,142.8
113,44.5,142.8
114,44.5,142.9
115,44.5,143.0
116,44.4,141.8
117,44.4,141.9
118,44.4,142.0
119,44.4,142.1
120,44.4,142.2
121,44.4,142.2
122,44.4,142.4
123,44.4,142.5
124,44.4,142.6
125,44.4,142.8
126,44.4,142.8
127,44.4,142.9
128,44.4,143.0
129,44.4,143.1
130,44.4,143.2
131,44.4,146.1
132,44.4,146.2
133,44.4,146.2
134,44.4,146.4
135,44.3,141.8
136,44.3,141.8
137,44.3,141.9
138,44.3,142.0
139,44.3,142.1
140,44.3,142.2
141,44.3,142.2
142,44.3,142.4
143,44.3,142.5
144,44.3,142.6
145,44.3,142.8
146,44.3,142.8
147,44.3,142.9
148,44.3,143.0
149,44.3,143.1
150,44.3,143.2
151,44.3,143.2
152,44.3,143.4
153,44.3,146.0
154,44.3,146.1
155,44.3,146.2
156,44.3,146.2
157,44.2,141.8
158,44.2,141.8
159,44.2,141.9
160,44.2,142.0
161,44.2,142.1
162,44.2,142.2
163,44.2,142.2
164,44.2,142.4
165,44.2,142.5
166,44.2,142.6
167,44.2,142.8
168,44.2,142.8
169,44.2,142.9
170,44.2,143.0
171,44.2,143.1
172,44.2,143.2
173,44.2,143.2
174,44.2,143.4
175,44.2,143.5
176,44.2,143.6
177,44.2,143.8
178,44.2,145.2
179,44.2,145.2
180,44.2,145.9
181,44.2,146.0
182,44.1,141.8
183,44.1,141.9
184,44.1,142.0
185,44.1,142.1
186,44.1,142.2
187,44.1,142.2
188,44.1,142.4
189,44.1,142.5
190,44.1,142.6
191,44.1,142.8
192,44.1,142.8
193,44.1,142.9
194,44.1,143.0
195,44.1,143.1
196,44.1,143.2
197,44.1,143.2
198,44.1,143.4
199,44.1,143.5
200,44.1,143.6
201,44.1,143.8
202,44.1,144.0
203,44.1,144.1
204,44.1,145.1
205,44.1,145.2
206,44.1,145.9
207,44.0,141.8
208,44.0,141.8
209,44.0,141.9
210,44.0,142.0
211,44.0,142.1
212,44.0,142.2
213,44.0,142.2
214,44.0,142.4
215,44.0,142.5
216,44.0,142.6
217,44.0,142.8
218,44.0,142.8
219,44.0,142.9
220,44.0,143.0
221,44.0,143.1
222,44.0,143.2
223,44.0,143.2
224,44.0,143.4
225,44.0,143.5
226,44.0,143.6
227,44.0,143.8
228,44.0,143.8
229,44.0,143.9
230,44.0,144.0
231,44.0,144.1
232,44.0,144.2
233,44.0,145.0
234,44.0,145.1
235,44.0,145.8
236,44.0,145.8
237,43.9,141.8
238,43.9,141.8
239,43.9,141.9
240,43.9,142.0
241,43.9,142.1
242,43.9,142.2
243,43.9,142.2
244,43.9,142.4
245,43.9,142.5
246,43.9,142.6
247,43.9,142.8
248,43.9,142.8
249,43.9,142.9
250,43.9,143.0
251,43.9,143.1
252,43.9,143.2
253,43.9,143.2
254,43.9,143.4
255,43.9,143.5
256,43.9,143.6
257,43.9,143.8
258,43.9,143.8
259,43.9,143.9
260,43.9,144.0
261,43.9,144.1
262,43.9,144.2
263,43.9,144.2
264,43.9,144.4
265,43.9,144.5
266,43.9,144.6
267,43.9,144.8
268,43.9,144.8
269,43.9,144.9
270,43.9,145.0
271,43.9,145.1
272,43.9,145.6
273,43.8,141.4
274,43.8,141.5
275,43.8,141.6
276,43.8,141.8
277,43.8,141.8
278,43.8,141.9
279,43.8,142.0
280,43.8,142.1
281,43.8,142.2
282,43.8,142.2
283,43.8,142.4
284,43.8,142.5
285,43.8,142.6
286,43.8,142.8
287,43.8,142.8
288,43.8,142.9
289,43.8,143.0
290,43.8,143.1
291,43.8,143.2
292,43.8,143.2
293,43.8,143.4
294,43.8,143.5
295,43.8,143.6
296,43.8,143.8
297,43.8,143.8
298,43.8,143.9
299,43.8,144.0
300,43.8,144.1
301,43.8,144.2
302,43.8,144.2
303,43.8,144.4
304,43.8,144.5
305,43.8,144.6
306,43.8,144.8
307,43.8,144.8
308,43.8,144.9
309,43.8,145.0
310,43.8,145.5
311,43.8,146.8
312,43.8,146.8
313,43.7,141.4
314,43.7,141.5
315,43.7,141.6
316,43.7,141.8
317,43.7,141.8
318,43.7,141.9
319,43.7,142.0
320,43.7,142.1
321,43.7,142.2
322,43.7,142.2
323,43.7,142.4
324,43.7,142.5
325,43.7,142.6
326,43.7,142.8
327,43.7,142.8
328,43.7,142.9
329,43.7,143.0
330,43.7,143.1
331,43.7,143.2
332,43.7,143.2
333,43.7,143.4
334,43.7,143.5
335,43.7,143.6
336,43.7,143.8
337,43.7,143.8
338,43.7,143.9
339,43.7,144.0
340,43.7,144.1
341,43.7,144.2
342,43.7,144.2
343,43.7,144.4
344,43.7,144.5
345,43.7,144.6
346,43.7,144.8
347,43.7,144.8
348,43.7,144.9
349,43.7,145.0
350,43.7,145.1
351,43.6,141.4
352,43.6,141.5
353,43.6,141.6
354,43.6,141.8
355,43.6,141.8
356,43.6,141.9
357,43.6,142.0
358,43.6,142.1
359,43.6,142.2
360,43.6,142.2
361,43.6,142.4
362,43.6,142.5
363,43.6,142.6
364,43.6,142.8
365,43.6,142.8
366,43.6,142.9
367,43.6,143.0
368,43.6,143.1
369,43.6,143.2
370,43.6,143.2
371,43.6,143.4
372,43.6,143.5
373,43.6,143.6
374,43.6,143.8
375,43.6,143.8
376,43.6,143.9
377,43.6,144.0
378,43.6,144.1
379,43.6,144.2
380,43.6,144.2
381,43.6,144.4
382,43.6,144.5
383,43.6,144.6
384,43.6,144.8
385,43.6,144.8
386,43.6,144.9
387,43.6,145.0
388,43.6,145.1
389,43.5,141.5
390,43.5,141.6
391,43.5,141.8
392,43.5,141.8
393,43.5,141.9
394,43.5,142.0
395,43.5,142.1
396,43.5,142.2
397,43.5,142.2
398,43.5,142.4
399,43.5,142.5
400,43.5,142.6
401,43.5,142.8
402,43.5,142.8
403,43.5,142.9
404,43.5,143.0
405,43.5,143.1
406,43.5,143.2
407,43.5,143.2
408,43.5,143.4
409,43.5,143.5
410,43.5,143.6
411,43.5,143.8
412,43.5,143.8
413,43.5,143.9
414,43.5,144.0
415,43.5,144.1
416,43.5,144.2
417,43.5,144.2
418,43.5,144.4
419,43.5,144.5
420,43.5,144.6
421,43.5,144.8
422,43.5,144.8
423,43.5,144.9
424,43.5,145.0
425,43.5,145.1
426,43.5,145.2
427,43.4,141.5
428,43.4,141.6
429,43.4,141.8
430,43.4,141.8
431,43.4,141.9
432,43.4,142.0
433,43.4,142.1
434,43.4,142.2
435,43.4,142.2
436,43.4,142.4
437,43.4,142.5
438,43.4,142.6
439,43.4,142.8
440,43.4,142.8
441,43.4,142.9
442,43.4,143.0
443,43.4,143.1
444,43.4,143.2
445,43.4,143.2
446,43.4,143.4
447,43.4,143.5
448,43.4,143.6
449,43.4,143.8
450,43.4,143.8
451,43.4,143.9
452,43.4,144.0
453,43.4,144.1
454,43.4,144.2
455,43.4,144.2
456,43.4,144.4
457,43.4,144.5
458,43.4,144.6
459,43.4,144.8
460,43.4,144.8
461,43.4,144.9
462,43.4,145.0
463,43.4,145.1
464,43.4,145.2
465,43.3,140.5
466,43.3,141.4
467,43.3,141.5
468,43.3,141.6
469,43.3,141.8
470,43.3,141.8
471,43.3,141.9
472,43.3,142.0
473,43.3,142.1
474,43.3,142.2
475,43.3,142.2
476,43.3,142.4
477,43.3,142.5
478,43.3,142.6
479,43.3,142.8
480,43.3,142.8
481,43.3,142.9
482,43.3,143.0
483,43.3,143.1
484,43.3,143.2
485,43.3,143.2
486,43.3,143.4
487,43.3,143.5
488,43.3,143.6
489,43.3,143.8
490,43.3,143.8
491,43.3,143.9
492,43.3,144.0
493,43.3,144.1
494,43.3,144.2
495,43.3,144.2
496,43.3,144.4
497,43.3,144.5
498,43.3,144.6
499,43.3,144.8
500,43.3,144.8
501,43.3,144.9
502,43.3,145.0
503,43.3,145.1
504,43.3,145.2
505,43.3,145.2
506,43.2,140.4
507,43.2,140.5
508,43.2,140.6
509,43.2,140.8
510,43.2,140.9
511,43.2,141.2
512,43.2,141.4
513,43.2,141.5
514,43.2,141.6
515,43.2,141.8
516,43.2,141.8
517,43.2,141.9
518,43.2,142.0
519,43.2,142.1
520,43.2,142.2
521,43.2,142.2
522,43.2,142.4
523,43.2,142.5
524,43.2,142.6
525,43.2,142.8
526,43.2,142.8
527,43.2,142.9
528,43.2,143.0
529,43.2,143.1
530,43.2,143.2
531,43.2,143.2
532,43.2,143.4
533,43.2,143.5
534,43.2,143.6
535,43.2,143.8
536,43.2,143.8
537,43.2,143.9
538,43.2,144.0
539,43.2,144.1
540,43.2,144.2
541,43.2,144.2
542,43.2,144.4
543,43.2,144.5
544,43.2,144.6
545,43.2,144.8
546,43.2,144.8
547,43.2,144.9
548,43.2,145.0
549,43.2,145.1
550,43.2,145.2
551,43.2,145.2
552,43.2,145.4
553,43.2,145.5
554,43.1,140.6
555,43.1,140.8
556,43.1,140.8
557,43.1,140.9
558,43.1,141.0
559,43.1,141.1
560,43.1,141.2
561,43.1,141.2
562,43.1,141.4
563,43.1,141.5
564,43.1,141.6
565,43.1,141.8
566,43.1,141.8
567,43.1,141.9
568,43.1,142.0
569,43.1,142.1
570,43.1,142.2
571,43.1,142.2
572,43.1,142.4
573,43.1,142.5
574,43.1,142.6
575,43.1,142.8
576,43.1,142.8
577,43.1,142.9
578,43.1,143.0
579,43.1,143.1
580,43.1,143.2
581,43.1,143.2
582,43.1,143.4
583,43.1,143.5
584,43.1,143.6
585,43.1,143.8
586,43.1,143.8
587,43.1,143.9
588,43.1,144.0
589,43.1,144.1
590,43.1,144.2
591,43.1,144.2
592,43.1,144.4
593,43.1,144.5
594,43.1,144.6
595,43.1,144.8
596,43.1,144.8
597,43.1,144.9
598,43.1,145.0
599,43.0,140.6
600,43.0,140.8
601,43.0,140.8
602,43.0,140.9
603,43.0,141.0
604,43.0,141.1
605,43.0,141.2
606,43.0,141.2
607,43.0,141.4
608,43.0,141.5
609,43.0,141.6
610,43.0,141.8
611,43.0,141.8
612,43.0,141.9
613,43.0,142.0
614,43.0,142.1
615,43.0,142.2
616,43.0,142.2
617,43.0,142.4
618,43.0,142.5
619,43.0,142.6
620,43.0,142.8
621,43.0,142.8
622,43.0,142.9
623,43.0,143.0
624,43.0,143.1
625,43.0,143.2
626,43.0,143.2
627,43.0,143.4
628,43.0,143.5
629,43.0,143.6
630,43.0,143.8
631,43.0,143.8
632,43.0,143.9
633,43.0,144.0
634,43.0,144.1
635,43.0,144.2
636,43.0,144.4
637,43.0,144.5
638,43.0,144.6
639,43.0,144.8
640,42.9,140.5
641,42.9,140.6
642,42.9,140.8
643,42.9,140.8
644,42.9,140.9
645,42.9,141.0
646,42.9,141.1
647,42.9,141.2
648,42.9,141.2
649,42.9,141.4
650,42.9,141.5
651,42.9,141.6
652,42.9,141.8
653,42.9,141.8
654,42.9,141.9
655,42.9,142.0
656,42.9,142.1
657,42.9,142.2
658,42.9,142.2
659,42.9,142.4
660,42.9,142.5
661,42.9,142.6
662,42.9,142.8
663,42.9,142.8
664,42.9,142.9
665,42.9,143.0
666,42.9,143.1
667,42.9,143.2
668,42.9,143.2
669,42.9,143.4
670,42.9,143.5
671,42.9,143.6
672,42.9,143.8
673,42.9,143.8
674,42.9,143.9
675,42.8,140.2
676,42.8,140.4
677,42.8,140.5
678,42.8,140.6
679,42.8,140.8
680,42.8,140.8
681,42.8,140.9
682,42.8,141.0
683,42.8,141.1
684,42.8,141.2
685,42.8,141.2
686,42.8,141.4
687,42.8,141.5
688,42.8,141.6
689,42.8,141.8
690,42.8,141.8
691,42.8,141.9
692,42.8,142.0
693,42.8,142.1
694,42.8,142.2
695,42.8,142.2
696,42.8,142.4
697,42.8,142.5
698,42.8,142.6
699,42.8,142.8
700,42.8,142.8
701,42.8,142.9
702,42.8,143.0
703,42.8,143.1
704,42.8,143.2
705,42.8,143.2
706,42.8,143.4
707,42.8,143.5
708,42.8,143.6
709,42.8,143.8
710,42.7,140.1
711,42.7,140.2
712,42.7,140.2
713,42.7,140.4
714,42.7,140.5
715,42.7,140.6
716,42.7,140.8
717,42.7,140.8
718,42.7,140.9
719,42.7,141.0
720,42.7,141.1
721,42.7,141.2
722,42.7,141.2
723,42.7,141.4
724,42.7,141.5
725,42.7,141.6
726,42.7,141.8
727,42.7,141.8
728,42.7,141.9
729,42.7,142.0
730,42.7,142.1
731,42.7,142.2
732,42.7,142.2
733,42.7,142.4
734,42.7,142.5
735,42.7,142.6
736,42.7,142.8
737,42.7,142.8
738,42.7,142.9
739,42.7,143.0
740,42.7,143.1
741,42.7,143.2
742,42.7,143.2
743,42.7,143.4
744,42.7,143.5
745,42.7,143.6
746,42.6,139.9
747,42.6,140.0
748,42.6,140.1
749,42.6,140.2
750,42.6,140.2
751,42.6,140.4
752,42.6,140.6
753,42.6,140.8
754,42.6,140.8
755,42.6,140.9
756,42.6,141.0
757,42.6,141.1
758,42.6,141.2
759,42.6,141.2
760,42.6,141.9
761,42.6,142.0
762,42.6,142.1
763,42.6,142.2
764,42.6,142.2
765,42.6,142.4
766,42.6,142.5
767,42.6,142.6
768,42.6,142.8
769,42.6,142.8
770,42.6,142.9
771,42.6,143.0
772,42.6,143.1
773,42.6,143.2
774,42.6,143.2
775,42.6,143.4
776,42.6,143.5
777,42.5,139.9
778,42.5,140.0
779,42.5,140.1
780,42.5,140.2
781,42.5,140.2
782,42.5,140.8
783,42.5,140.9
784,42.5,141.0
785,42.5,141.1
786,42.5,141.2
787,42.5,142.1
788,42.5,142.2
789,42.5,142.2
790,42.5,142.4
791,42.5,142.5
792,42.5,142.6
793,42.5,142.8
794,42.5,142.8
795,42.5,142.9
796,42.5,143.0
797,42.5,143.1
798,42.5,143.2
799,42.5,143.2
800,42.5,143.4
801,42.4,139.9
802,42.4,140.0
803,42.4,140.1
804,42.4,140.2
805,42.4,141.0
806,42.4,142.2
807,42.4,142.4
808,42.4,142.5
809,42.4,142.6
810,42.4,142.8
811,42.4,142.8
812,42.4,142.9
813,42.4,143.0
814,42.4,143.1
815,42.4,143.2
816,42.4,143.2
817,42.3,139.8
818,42.3,139.9
819,42.3,140.0
820,42.3,140.1
821,42.3,140.2
822,42.3,142.6
823,42.3,142.8
824,42.3,142.8
825,42.3,142.9
826,42.3,143.0
827,42.3,143.1
828,42.3,143.2
829,42.3,143.2
830,42.2,139.5
831,42.2,139.9
832,42.2,140.0
833,42.2,140.1
834,42.2,140.2
835,42.2,140.2
836,42.2,142.8
837,42.2,142.8
838,42.2,142.9
839,42.2,143.0
840,42.2,143.1
841,42.2,143.2
842,42.2,143.2
843,42.1,140.1
844,42.1,140.2
845,42.1,140.2
846,42.1,140.4
847,42.1,140.5
848,42.1,140.6
849,42.1,140.8
850,42.1,143.1
851,42.1,143.2
852,42.1,143.2
853,42.0,140.2
854,42.0,140.2
855,42.0,140.4
856,42.0,140.5
857,42.0,140.6
858,42.0,140.8
859,42.0,140.8
860,42.0,143.2
861,41.9,140.2
862,41.9,140.2
863,41.9,140.4
864,41.9,140.5
865,41.9,140.6
866,41.9,140.8
867,41.9,140.8
868,41.9,140.9
869,41.8,140.1
870,41.8,140.2
871,41.8,140.2
872,41.8,140.4
873,41.8,140.5
874,41.8,140.6
875,41.8,140.8
876,41.8,140.9
877,41.8,141.0
878,41.7,140.1
879,41.7,140.2
880,41.7,140.2
881,41.7,140.4
882,41.7,140.5
883,41.6,140.0
884,41.6,140.1
885,41.6,140.2
886,41.6,140.2
887,41.6,140.4
888,41.5,140.1
889,41.5,140.2
890,41.5,140.2
891,41.4,140.9
892,41.4,141.0
893,41.4,141.1
894,41.3,140.9
895,41.3,141.0
896,41.3,141.1
897,41.3,141.2
898,41.3,141.2
899,41.3,141.4
900,41.2,140.6
901,41.2,140.8
902,41.2,140.9
903,41.2,141.2
904,41.1,140.4
905,41.1,140.5
906,41.1,141.2
907,41.0,140.4
908,41.0,140.5
909,41.0,140.6
910,41.0,141.2
911,40.9,140.2
912,40.9,140.4
913,40.9,140.5
914,40.9,140.6
915,40.9,140.9
916,40.9,141.0
917,40.9,141.2
918,40.9,141.2
919,40.8,140.4
920,40.8,140.5
921,40.8,140.6
922,40.8,140.8
923,40.8,140.8
924,40.8,140.9
925,40.8,141.0
926,40.8,141.1
927,40.8,141.2
928,40.8,141.2
929,40.7,140.0
930,40.7,140.1
931,40.7,140.2
932,40.7,140.2
933,40.7,140.4
934,40.7,140.5
935,40.7,140.6
936,40.7,140.8
937,40.7,140.8
938,40.7,140.9
939,40.7,141.0
940,40.7,141.1
941,40.7,141.2
942,40.7,141.2
943,40.7,141.4
944,40.6,140.0
945,40.6,140.1
946,40.6,140.2
947,40.6,140.2
948,40.6,140.4
949,40.6,140.5
950,40.6,140.6
951,40.6,140.8
952,40.6,140.8
953,40.6,140.9
954,40.6,141.0
955,40.6,141.1
956,40.6,141.2
957,40.6,141.2
958,40.6,141.4
959,40.5,140.0
960,40.5,140.1
961,40.5,140.2
962,40.5,140.2
963,40.5,140.4
964,40.5,140.5
965,40.5,140.6
966,40.5,140.8
967,40.5,140.8
968,40.5,140.9
969,40.5,141.0
970,40.5,141.1
971,40.5,141.2
972,40.5,141.2
973,40.5,141.4
974,40.5,141.5
975,40.4,140.1
976,40.4,140.2
977,40.4,140.2
978,40.4,140.4
979,40.4,140.5
980,40.4,140.6
981,40.4,140.8
982,40.4,140.8
983,40.4,140.9
984,40.4,141.0
985,40.4,141.1
986,40.4,141.2
987,40.4,141.2
988,40.4,141.4
989,40.4,141.5
990,40.4,141.6
991,40.4,141.8
992,40.3,140.1
993,40.3,140.2
994,40.3,140.2
995,40.3,140.4
996,40.3,140.5
997,40.3,140.6
998,40.3,140.8
999,40.3,140.8
1000,40.3,140.9
1001,40.3,141.0
1002,40.3,141.1
1003,40.3,141.2
1004,40.3,141.2
1005,40.3,141.4
1006,40.3,141.5
1007,40.3,141.6
1008,40.3,141.8
1009,40.2,140.1
1010,40.2,140.2
1011,40.2,140.2
1012,40.2,140.4
1013,40.2,140.5
1014,40.2,140.6
1015,40.2,140.8
1016,40.2,140.8
1017,40.2,140.9
1018,40.2,141.0
1019,40.2,141.1
1020,40.2,141.2
1021,40.2,141.2
1022,40.2,141.4
1023,40.2,141.5
1024,40.2,141.6
1025,40.2,141.8
1026,40.1,140.0
1027,40.1,140.1
1028,40.1,140.2
1029,40.1,140.2
1030,40.1,140.4
1031,40.1,140.5
1032,40.1,140.6
1033,40.1,140.8
1034,40.1,140.8
1035,40.1,140.9
1036,40.1,141.0
1037,40.1,141.1
1038,40.1,141.2
1039,40.1,141.2
1040,40.1,141.4
1041,40.1,141.5
1042,40.1,141.6
1043,40.1,141.8
1044,40.1,141.8
1045,40.0,139.9
1046,40.0,140.0
1047,40.0,140.1
1048,40.0,140.2
1049,40.0,140.2
1050,40.0,140.4
1051,40.0,140.5
1052,40.0,140.6
1053,40.0,140.8
1054,40.0,140.8
1055,40.0,140.9
1056,40.0,141.0
1057,40.0,141.1
1058,40.0,141.2
1059,40.0,141.2
1060,40.0,141.4
1061,40.0,141.5
1062,40.0,141.6
1063,40.0,141.8
1064,40.0,141.8
1065,40.0,141.9
1066,39.9,139.8
1067,39.9,140.1
1068,39.9,140.2
1069,39.9,140.2
1070,39.9,140.4
1071,39.9,140.5
1072,39.9,140.6
1073,39.9,140.8
1074,39.9,140.8
1075,39.9,140.9
1076,39.9,141.0
1077,39.9,141.1
1078,39.9,141.2
1079,39.9,141.2
1080,39.9,141.4
1081,39.9,141.5
1082,39.9,141.6
1083,39.9,141.8
1084,39.9,141.8
1085,39.9,141.9
1086,39.8,140.1
1087,39.8,140.2
1088,39.8,140.2
1089,39.8,140.4
1090,39.8,140.5
1091,39.8,140.6
1092,39.8,140.8
1093,39.8,140.8
1094,39.8,140.9
1095,39.8,141.0
1096,39.8,141.1
1097,39.8,141.2
1098,39.8,141.2
1099,39.8,141.4
1100,39.8,141.5
1101,39.8,141.6
1102,39.8,141.8
1103,39.8,141.8
1104,39.8,141.9
1105,39.7,140.1
1106,39.7,140.2
1107,39.7,140.2
1108,39.7,140.4
1109,39.7,140.5
1110,39.7,140.6
1111,39.7,140.8
1112,39.7,140.8
1113,39.7,140.9
1114,39.7,141.0
1115,39.7,141.1
1116,39.7,141.2
1117,39.7,141.2
1118,39.7,141.4
1119,39.7,141.5
1120,39.7,141.6
1121,39.7,141.8
1122,39.7,141.8
1123,39.7,141.9
1124,39.6,140.2
1125,39.6,140.2
1126,39.6,140.4
1127,39.6,140.5
1128,39.6,140.6
1129,39.6,140.8
1130,39.6,140.8
1131,39.6,140.9
1132,39.6,141.0
1133,39.6,141.1
1134,39.6,141.2
1135,39.6,141.2
1136,39.6,141.4
1137,39.6,141.5
1138,39.6,141.6
1139,39.6,141.8
1140,39.6,141.8
1141,39.6,141.9
1142,39.5,140.1
1143,39.5,140.2
1144,39.5,140.2
1145,39.5,140.4
1146,39.5,140.5
1147,39.5,140.6
1148,39.5,140.8
1149,39.5,140.8
1150,39.5,140.9
1151,39.5,141.0
1152,39.5,141.1
1153,39.5,141.2
1154,39.5,141.2
1155,39.5,141.4
1156,39.5,141.5
1157,39.5,141.6
1158,39.5,141.8
1159,39.5,141.8
1160,39.5,141.9
1161,39.4,140.1
1162,39.4,140.2
1163,39.4,140.2
1164,39.4,140.4
1165,39.4,140.5
1166,39.4,140.6
1167,39.4,140.8
1168,39.4,140.8
1169,39.4,140.9
1170,39.4,141.0
1171,39.4,141.1
1172,39.4,141.2
1173,39.4,141.2
1174,39.4,141.4
1175,39.4,141.5
1176,39.4,141.6
1177,39.4,141.8
1178,39.4,141.8
1179,39.4,141.9
1180,39.3,140.0
1181,39.3,140.1
1182,39.3,140.2
1183,39.3,140.2
1184,39.3,140.4
1185,39.3,140.5
1186,39.3,140.6
1187,39.3,140.8
1188,39.3,140.8
1189,39.3,140.9
1190,39.3,141.0
1191,39.3,141.1
1192,39.3,141.2
1193,39.3,141.2
1194,39.3,141.4
1195,39.3,141.5
1196,39.3,141.6
1197,39.3,141.8
1198,39.3,141.8
1199,39.2,140.0
1200,39.2,140.1
1201,39.2,140.2
1202,39.2,140.2
1203,39.2,140.4
1204,39.2,140.5
1205,39.2,140.6
1206,39.2,140.8
1207,39.2,140.8
1208,39.2,140.9
1209,39.2,141.0
1210,39.2,141.1
1211,39.2,141.2
1212,39.2,141.2
1213,39.2,141.4
1214,39.2,141.5
1215,39.2,141.6
1216,39.2,141.8
1217,39.2,141.8
1218,39.1,139.9
1219,39.1,140.0
1220,39.1,140.1
1221,39.1,140.2
1222,39.1,140.2
1223,39.1,140.4
1224,39.1,140.5
1225,39.1,140.6
1226,39.1,140.8
1227,39.1,140.8
1228,39.1,140.9
1229,39.1,141.0
1230,39.1,141.1
1231,39.1,141.2
1232,39.1,141.2
1233,39.1,141.4
1234,39.1,141.5
1235,39.1,141.6
1236,39.1,141.8
1237,39.1,141.8
1238,39.0,139.9
1239,39.0,140.0
1240,39.0,140.1
1241,39.0,140.2
1242,39.0,140.2
1243,39.0,140.4
1244,39.0,140.5
1245,39.0,140.6
1246,39.0,140.8
1247,39.0,140.8
1248,39.0,140.9
1249,39.0,141.0
1250,39.0,141.1
1251,39.0,141.2
1252,39.0,141.2
1253,39.0,141.4
1254,39.0,141.5
1255,39.0,141.6
1256,39.0,141.8
1257,38.9,139.9
1258,38.9,140.0
1259,38.9,140.1
1260,38.9,140.2
1261,38.9,140.2
1262,38.9,140.4
1263,38.9,140.5
1264,38.9,140.6
1265,38.9,140.8
1266,38.9,140.8
1267,38.9,140.9
1268,38.9,141.0
1269,38.9,141.1
1270,38.9,141.2
1271,38.9,141.2
1272,38.9,141.4
1273,38.9,141.5
1274,38.9,141.6
1275,38.8,139.8
1276,38.8,139.9
1277,38.8,140.0
1278,38.8,140.1
1279,38.8,140.2
1280,38.8,140.2
1281,38.8,140.4
1282,38.8,140.5
1283,38.8,140.6
1284,38.8,140.8
1285,38.8,140.8
1286,38.8,140.9
1287,38.8,141.0
1288,38.8,141.1
1289,38.8,141.2
1290,38.8,141.2
1291,38.8,141.4
1292,38.8,141.5
1293,38.7,139.8
1294,38.7,139.8
1295,38.7,139.9
1296,38.7,140.0
1297,38.7,140.1
1298,38.7,140.2
1299,38.7,140.2
1300,38.7,140.4
1301,38.7,140.5
1302,38.7,140.6
1303,38.7,140.8
1304,38.7,140.8
1305,38.7,140.9
1306,38.7,141.0
1307,38.7,141.1
1308,38.7,141.2
1309,38.7,141.2
1310,38.7,141.4
1311,38.7,141.5
1312,38.6,139.6
1313,38.6,139.8
1314,38.6,139.8
1315,38.6,139.9
1316,38.6,140.0
1317,38.6,140.1
1318,38.6,140.2
1319,38.6,140.2
1320,38.6,140.4
1321,38.6,140.5
1322,38.6,140.6
1323,38.6,140.8
1324,38.6,140.8
1325,38.6,140.9
1326,38.6,141.0
1327,38.6,141.1
1328,38.6,141.2
1329,38.6,141.2
1330,38.6,141.4
1331,38.6,141.5
1332,38.5,139.6
1333,38.5,139.8
1334,38.5,139.8
1335,38.5,139.9
1336,38.5,140.0
1337,38.5,140.1
1338,38.5,140.2
1339,38.5,140.2
1340,38.5,140.4
1341,38.5,140.5
1342,38.5,140.6
1343,38.5,140.8
1344,38.5,140.8
1345,38.5,140.9
1346,38.5,141.0
1347,38.5,141.1
1348,38.5,141.2
1349,38.5,141.2
1350,38.5,141.4
1351,38.4,139.5
1352,38.4,139.6
1353,38.4,139.8
1354,38.4,139.8
1355,38.4,139.9
1356,38.4,140.0
1357,38.4,140.1
1358,38.4,140.2
1359,38.4,140.2
1360,38.4,140.4
1361,38.4,140.5
1362,38.4,140.6
1363,38.4,140.8
1364,38.4,140.8
1365,38.4,140.9
1366,38.4,141.0
1367,38.4,141.1
1368,38.4,141.2
1369,38.4,141.4
1370,38.4,141.5
1371,38.3,139.5
1372,38.3,139.6
1373,38.3,139.8
1374,38.3,139.8
1375,38.3,139.9
1376,38.3,140.0
1377,38.3,140.1
1378,38.3,140.2
1379,38.3,140.2
1380,38.3,140.4
1381,38.3,140.5
1382,38.3,140.6
1383,38.3,140.8
1384,38.3,140.8
1385,38.3,140.9
1386,38.3,141.0
1387,38.2,139.5
1388,38.2,139.6
1389,38.2,139.8
1390,38.2,139.8
1391,38.2,139.9
1392,38.2,140.0
1393,38.2,140.1
1394,38.2,140.2
1395,38.2,140.2
1396,38.2,140.4
1397,38.2,140.5
1398,38.2,140.6
1399,38.2,140.8
1400,38.2,140.8
1401,38.2,140.9
1402,38.1,138.2
1403,38.1,138.4
1404,38.1,139.4
1405,38.1,139.5
1406,38.1,139.6
1407,38.1,139.8
1408,38.1,139.8
1409,38.1,139.9
1410,38.1,140.0
1411,38.1,140.1
1412,38.1,140.2
1413,38.1,140.2
1414,38.1,140.4
1415,38.1,140.5
1416,38.1,140.6
1417,38.1,140.8
1418,38.1,140.8
1419,38.1,140.9
1420,38.0,138.4
1421,38.0,138.5
1422,38.0,139.2
1423,38.0,139.4
1424,38.0,139.5
1425,38.0,139.6
1426,38.0,139.8
1427,38.0,139.8
1428,38.0,139.9
1429,38.0,140.0
1430,38.0,140.1
1431,38.0,140.2
1432,38.0,140.2
1433,38.0,140.4
1434,38.0,140.5
1435,38.0,140.6
1436,38.0,140.8
1437,38.0,140.8
1438,37.9,138.2
1439,37.9,138.4
1440,37.9,139.0
1441,37.9,139.1
1442,37.9,139.2
1443,37.9,139.2
1444,37.9,139.4
1445,37.9,139.5
1446,37.9,139.6
1447,37.9,139.8
1448,37.9,139.8
1449,37.9,139.9
1450,37.9,140.0
1451,37.9,140.1
1452,37.9,140.2
1453,37.9,140.2
1454,37.9,140.4
1455,37.9,140.5
1456,37.9,140.6
1457,37.9,140.8
1458,37.9,140.8
1459,37.9,140.9
1460,37.8,138.9
1461,37.8,139.0
1462,37.8,139.1
1463,37.8,139.2
1464,37.8,139.2
1465,37.8,139.4
1466,37.8,139.5
1467,37.8,139.6
1468,37.8,139.8
1469,37.8,139.8
1470,37.8,139.9
1471,37.8,140.0
1472,37.8,140.1
1473,37.8,140.2
1474,37.8,140.2
1475,37.8,140.4
1476,37.8,140.5
1477,37.8,140.6
1478,37.8,140.8
1479,37.8,140.8
1480,37.8,140.9
1481,37.7,138.8
1482,37.7,138.9
1483,37.7,139.0
1484,37.7,139.1
1485,37.7,139.2
1486,37.7,139.2
1487,37.7,139.4
1488,37.7,139.5
1489,37.7,139.6
1490,37.7,139.8
1491,37.7,139.8
1492,37.7,139.9
1493,37.7,140.0
1494,37.7,140.1
1495,37.7,140.2
1496,37.7,140.2
1497,37.7,140.4
1498,37.7,140.5
1499,37.7,140.6
1500,37.7,140.8
1501,37.7,140.8
1502,37.7,140.9
1503,37.6,138.8
1504,37.6,138.9
1505,37.6,139.0
1506,37.6,139.1
1507,37.6,139.2
1508,37.6,139.2
1509,37.6,139.4
1510,37.6,139.5
1511,37.6,139.6
1512,37.6,139.8
1513,37.6,139.8
1514,37.6,139.9
1515,37.6,140.0
1516,37.6,140.1
1517,37.6,140.2
1518,37.6,140.2
1519,37.6,140.4
1520,37.6,140.5
1521,37.6,140.6
1522,37.6,140.8
1523,37.6,140.8
1524,37.6,140.9
1525,37.6,141.0
1526,37.5,137.2
1527,37.5,137.2
1528,37.5,138.8
1529,37.5,138.8
1530,37.5,138.9
1531,37.5,139.0
1532,37.5,139.1
1533,37.5,139.2
1534,37.5,139.2
1535,37.5,139.4
1536,37.5,139.5
1537,37.5,139.6
1538,37.5,139.8
1539,37.5,139.8
1540,37.5,139.9
1541,37.5,140.0
1542,37.5,140.1
1543,37.5,140.2
1544,37.5,140.2
1545,37.5,140.4
1546,37.5,140.5
1547,37.5,140.6
1548,37.5,140.8
1549,37.5,140.8
1550,37.5,140.9
1551,37.4,137.0
1552,37.4,137.1
1553,37.4,137.2
1554,37.4,138.8
1555,37.4,138.8
1556,37.4,138.9
1557,37.4,139.0
1558,37.4,139.1
1559,37.4,139.2
1560,37.4,139.2
1561,37.4,139.4
1562,37.4,139.5
1563,37.4,139.6
1564,37.4,139.8
1565,37.4,139.8
1566,37.4,139.9
1567,37.4,140.0
1568,37.4,140.1
1569,37.4,140.2
1570,37.4,140.2
1571,37.4,140.4
1572,37.4,140.5
1573,37.4,140.6
1574,37.4,140.8
1575,37.4,140.8
1576,37.4,140.9
1577,37.4,141.0
1578,37.3,136.8
1579,37.3,136.9
1580,37.3,137.0
1581,37.3,138.5
1582,37.3,138.6
1583,37.3,138.8
1584,37.3,138.8
1585,37.3,138.9
1586,37.3,139.0
1587,37.3,139.1
1588,37.3,139.2
1589,37.3,139.2
1590,37.3,139.4
1591,37.3,139.5
1592,37.3,139.6
1593,37.3,139.8
1594,37.3,139.8
1595,37.3,139.9
1596,37.3,140.0
1597,37.3,140.1
1598,37.3,140.2
1599,37.3,140.2
1600,37.3,140.4
1601,37.3,140.5
1602,37.3,140.6
1603,37.3,140.8
1604,37.3,140.8
1605,37.3,140.9
1606,37.3,141.0
1607,37.2,136.8
1608,37.2,136.8
1609,37.2,136.9
1610,37.2,137.0
1611,37.2,138.4
1612,37.2,138.5
1613,37.2,138.6
1614,37.2,138.8
1615,37.2,138.8
1616,37.2,138.9
1617,37.2,139.0
1618,37.2,139.1
1619,37.2,139.2
1620,37.2,139.2
1621,37.2,139.4
1622,37.2,139.5
1623,37.2,139.6
1624,37.2,139.8
1625,37.2,139.8
1626,37.2,139.9
1627,37.2,140.0
1628,37.2,140.1
1629,37.2,140.2
1630,37.2,140.2
1631,37.2,140.4
1632,37.2,140.5
1633,37.2,140.6
1634,37.2,140.8
1635,37.2,140.8
1636,37.2,140.9
1637,37.1,136.8
1638,37.1,138.0
1639,37.1,138.1
1640,37.1,138.2
1641,37.1,138.2
1642,37.1,138.4
1643,37.1,138.5
1644,37.1,138.6
1645,37.1,138.8
1646,37.1,138.8
1647,37.1,138.9
1648,37.1,139.0
1649,37.1,139.1
1650,37.1,139.2
1651,37.1,139.2
1652,37.1,139.4
1653,37.1,139.5
1654,37.1,139.6
1655,37.1,139.8
1656,37.1,139.8
1657,37.1,139.9
1658,37.1,140.0
1659,37.1,140.1
1660,37.1,140.2
1661,37.1,140.2
1662,37.1,140.4
1663,37.1,140.5
1664,37.1,140.6
1665,37.1,140.8
1666,37.1,140.8
1667,37.1,140.9
1668,37.0,136.8
1669,37.0,136.9
1670,37.0,137.0
1671,37.0,137.8
1672,37.0,137.9
1673,37.0,138.0
1674,37.0,138.1
1675,37.0,138.2
1676,37.0,138.2
1677,37.0,138.4
1678,37.0,138.5
1679,37.0,138.6
1680,37.0,138.8
1681,37.0,138.8
1682,37.0,138.9
1683,37.0,139.0
1684,37.0,139.1
1685,37.0,139.2
1686,37.0,139.2
1687,37.0,139.4
1688,37.0,139.5
1689,37.0,139.6
1690,37.0,139.8
1691,37.0,139.8
1692,37.0,139.9
1693,37.0,140.0
1694,37.0,140.1
1695,37.0,140.2
1696,37.0,140.2
1697,37.0,140.4
1698,37.0,140.5
1699,37.0,140.6
1700,37.0,140.8
1701,37.0,140.8
1702,37.0,140.9
1703,36.9,136.8
1704,36.9,136.9
1705,36.9,137.5
1706,36.9,137.6
1707,36.9,137.8
1708,36.9,137.8
1709,36.9,137.9
1710,36.9,138.0
1711,36.9,138.1
1712,36.9,138.2
1713,36.9,138.2
1714,36.9,138.4
1715,36.9,138.5
1716,36.9,138.6
1717,36.9,138.8
1718,36.9,138.8
1719,36.9,138.9
1720,36.9,139.0
1721,36.9,139.1
1722,36.9,139.2
1723,36.9,139.2
1724,36.9,139.4
1725,36.9,139.5
1726,36.9,139.6
1727,36.9,139.8
1728,36.9,139.8
1729,36.9,139.9
1730,36.9,140.0
1731,36.9,140.1
1732,36.9,140.2
1733,36.9,140.2
1734,36.9,140.4
1735,36.9,140.5
1736,36.9,140.6
1737,36.9,140.8
1738,36.8,136.8
1739,36.8,136.9
1740,36.8,137.0
1741,36.8,137.4
1742,36.8,137.5
1743,36.8,137.6
1744,36.8,137.8
1745,36.8,137.8
1746,36.8,137.9
1747,36.8,138.0
1748,36.8,138.1
1749,36.8,138.2
1750,36.8,138.2
1751,36.8,138.4
1752,36.8,138.5
1753,36.8,138.6
1754,36.8,138.8
1755,36.8,138.8
1756,36.8,138.9
1757,36.8,139.0
1758,36.8,139.1
1759,36.8,139.2
1760,36.8,139.2
1761,36.8,139.4
1762,36.8,139.5
1763,36.8,139.6
1764,36.8,139.8
1765,36.8,139.8
1766,36.8,139.9
1767,36.8,140.0
1768,36.8,140.1
1769,36.8,140.2
1770,36.8,140.2
1771,36.8,140.4
1772,36.8,140.5
1773,36.8,140.6
1774,36.8,140.8
1775,36.7,136.8
1776,36.7,136.8
1777,36.7,136.9
1778,36.7,137.0
1779,36.7,137.1
1780,36.7,137.2
1781,36.7,137.2
1782,36.7,137.4
1783,36.7,137.5
1784,36.7,137.6
1785,36.7,137.8
1786,36.7,137.8
1787,36.7,137.9
1788,36.7,138.0
1789,36.7,138.1
1790,36.7,138.2
1791,36.7,138.2
1792,36.7,138.4
1793,36.7,138.5
1794,36.7,138.6
1795,36.7,138.8
1796,36.7,138.8
1797,36.7,138.9
1798,36.7,139.0
1799,36.7,139.1
1800,36.7,139.2
1801,36.7,139.2
1802,36.7,139.4
1803,36.7,139.5
1804,36.7,139.6
1805,36.7,139.8
1806,36.7,139.8
1807,36.7,139.9
1808,36.7,140.0
1809,36.7,140.1
1810,36.7,140.2
1811,36.7,140.2
1812,36.7,140.4
1813,36.7,140.5
1814,36.7,140.6
1815,36.7,140.8
1816,36.6,136.6
1817,36.6,136.8
1818,36.6,136.8
1819,36.6,136.9
1820,36.6,137.0
1821,36.6,137.1
1822,36.6,137.2
1823,36.6,137.2
1824,36.6,137.4
1825,36.6,137.5
1826,36.6,137.6
1827,36.6,137.8
1828,36.6,137.8
1829,36.6,137.9
1830,36.6,138.0
1831,36.6,138.1
1832,36.6,138.2
1833,36.6,138.2
1834,36.6,138.4
1835,36.6,138.5
1836,36.6,138.6
1837,36.6,138.8
1838,36.6,138.8
1839,36.6,138.9
1840,36.6,139.0
1841,36.6,139.1
1842,36.6,139.2
1843,36.6,139.2
1844,36.6,139.4
1845,36.6,139.5
1846,36.6,139.6
1847,36.6,139.8
1848,36.6,139.8
1849,36.6,139.9
1850,36.6,140.0
1851,36.6,140.1
1852,36.6,140.2
1853,36.6,140.2
1854,36.6,140.4
1855,36.6,140.5
1856,36.6,140.6
1857,36.5,136.6
1858,36.5,136.8
1859,36.5,136.8
1860,36.5,136.9
1861,36.5,137.0
1862,36.5,137.1
1863,36.5,137.2
1864,36.5,137.2
1865,36.5,137.4
1866,36.5,137.5
1867,36.5,137.6
1868,36.5,137.8
1869,36.5,137.8
1870,36.5,137.9
1871,36.5,138.0
1872,36.5,138.1
1873,36.5,138.2
1874,36.5,138.2
1875,36.5,138.4
1876,36.5,138.5
1877,36.5,138.6
1878,36.5,138.8
1879,36.5,138.8
1880,36.5,138.9
1881,36.5,139.0
1882,36.5,139.1
1883,36.5,139.2
1884,36.5,139.2
1885,36.5,139.4
1886,36.5,139.5
1887,36.5,139.6
1888,36.5,139.8
1889,36.5,139.8
1890,36.5,139.9
1891,36.5,140.0
1892,36.5,140.1
1893,36.5,140.2
1894,36.5,140.2
1895,36.5,140.4
1896,36.5,140.5
1897,36.5,140.6
1898,36.4,136.5
1899,36.4,136.6
1900,36.4,136.8
1901,36.4,136.8
1902,36.4,136.9
1903,36.4,137.0
1904,36.4,137.1
1905,36.4,137.2
1906,36.4,137.2
1907,36.4,137.4
1908,36.4,137.5
1909,36.4,137.6
1910,36.4,137.8
1911,36.4,137.8
1912,36.4,137.9
1913,36.4,138.0
1914,36.4,138.1
1915,36.4,138.2
1916,36.4,138.2
1917,36.4,138.4
1918,36.4,138.5
1919,36.4,138.6
1920,36.4,138.8
1921,36.4,138.8
1922,36.4,138.9
1923,36.4,139.0
1924,36.4,139.1
1925,36.4,139.2
1926,36.4,139.2
1927,36.4,139.4
1928,36.4,139.5
1929,36.4,139.6
1930,36.4,139.8
1931,36.4,139.8
1932,36.4,139.9
1933,36.4,140.0
1934,36.4,140.1
1935,36.4,140.2
1936,36.4,140.2
1937,36.4,140.4
1938,36.4,140.5
1939,36.4,140.6
1940,36.3,133.2
1941,36.3,133.2
1942,36.3,136.2
1943,36.3,136.4
1944,36.3,136.5
1945,36.3,136.6
1946,36.3,136.8
1947,36.3,136.8
1948,36.3,136.9
1949,36.3,137.0
1950,36.3,137.1
1951,36.3,137.2
1952,36.3,137.2
1953,36.3,137.4
1954,36.3,137.5
1955,36.3,137.6
1956,36.3,137.8
1957,36.3,137.8
1958,36.3,137.9
1959,36.3,138.0
1960,36.3,138.1
1961,36.3,138.2
1962,36.3,138.2
1963,36.3,138.4
1964,36.3,138.5
1965,36.3,138.6
1966,36.3,138.8
1967,36.3,138.8
1968,36.3,138.9
1969,36.3,139.0
1970,36.3,139.1
1971,36.3,139.2
1972,36.3,139.2
1973,36.3,139.4
1974,36.3,139.5
1975,36.3,139.6
1976,36.3,139.8
1977,36.3,139.8
1978,36.3,139.9
1979,36.3,140.0
1980,36.3,140.1
1981,36.3,140.2
1982,36.3,140.2
1983,36.3,140.4
1984,36.3,140.5
1985,36.2,133.2
1986,36.2,136.2
1987,36.2,136.2
1988,36.2,136.4
1989,36.2,136.5
1990,36.2,136.6
1991,36.2,136.8
1992,36.2,136.8
1993,36.2,136.9
1994,36.2,137.0
1995,36.2,137.1
1996,36.2,137.2
1997,36.2,137.2
1998,36.2,137.4
1999,36.2,137.5
2000,36.2,137.6
2001,36.2,137.8
2002,36.2,137.8
2003,36.2,137.9
2004,36.2,138.0
2005,36.2,138.1
2006,36.2,138.2
2007,36.2,138.2
2008,36.2,138.4
2009,36.2,138.5
2010,36.2,138.6
2011,36.2,138.8
2012,36.2,138.8
2013,36.2,138.9
2014,36.2,139.0
2015,36.2,139.1
2016,36.2,139.2
2017,36.2,139.2
2018,36.2,139.4
2019,36.2,139.5
2020,36.2,139.6
2021,36.2,139.8
2022,36.2,139.8
2023,36.2,139.9
2024,36.2,140.0
2025,36.2,140.1
2026,36.2,140.2
2027,36.2,140.2
2028,36.2,140.4
2029,36.2,140.5
2030,36.1,133.1
2031,36.1,136.1
2032,36.1,136.2
2033,36.1,136.2
2034,36.1,136.4
2035,36.1,136.5
2036,36.1,136.6
2037,36.1,136.8
2038,36.1,136.8
2039,36.1,136.9
2040,36.1,137.0
2041,36.1,137.1
2042,36.1,137.2
2043,36.1,137.2
2044,36.1,137.4
2045,36.1,137.5
2046,36.1,137.6
2047,36.1,137.8
2048,36.1,137.8
2048,36.1,137.9
2050,36.1,138.0
2052,36.1,138.1
2052,36.1,138.2
2052,36.1,138.2
2054,36.1,138.4
2056,36.1,138.5
2056,36.1,138.6
2056,36.1,138.8
2058,36.1,138.8
2060,36.1,138.9
2060,36.1,139.0
2060,36.1,139.1
2062,36.1,139.2
2064,36.1,139.2
2064,36.1,139.4
2064,36.1,139.5
2066,36.1,139.6
2068,36.1,139.8
2068,36.1,139.8
2068,36.1,139.9
2070,36.1,140.0
2072,36.1,140.1
2072,36.1,140.2
2072,36.1,140.2
2074,36.1,140.4
2076,36.1,140.5
2076,36.1,140.6
2076,36.0,136.0
2078,36.0,136.1
2080,36.0,136.2
2080,36.0,136.2
2080,36.0,136.4
2082,36.0,136.5
2084,36.0,136.6
2084,36.0,136.8
2084,36.0,136.8
2086,36.0,136.9
2088,36.0,137.0
2088,36.0,137.1
2088,36.0,137.2
2090,36.0,137.2
2092,36.0,137.4
2092,36.0,137.5
2092,36.0,137.6
2094,36.0,137.8
2096,36.0,137.8
2096,36.0,137.9
2096,36.0,138.0
2098,36.0,138.1
2100,36.0,138.2
2100,36.0,138.2
2100,36.0,138.4
2102,36.0,138.5
2104,36.0,138.6
2104,36.0,138.8
2104,36.0,138.8
2106,36.0,138.9
2108,36.0,139.0
2108,36.0,139.1
2108,36.0,139.2
2110,36.0,139.2
2112,36.0,139.4
2112,36.0,139.5
2112,36.0,139.6
2114,36.0,139.8
2116,36.0,139.8
2116,36.0,139.9
2116,36.0,140.0
2118,36.0,140.1
2120,36.0,140.2
2120,36.0,140.2
2120,36.0,140.4
2122,36.0,140.5
2124,36.0,140.6
2124,35.9,136.0
2124,35.9,136.1
2126,35.9,136.2
2128,35.9,136.2
2128,35.9,136.4
2128,35.9,136.5
2130,35.9,136.6
2132,35.9,136.8
2132,35.9,136.8
2132,35.9,136.9
2134,35.9,137.0
2136,35.9,137.1
2136,35.9,137.2
2136,35.9,137.2
2138,35.9,137.4
2140,35.9,137.5
2140,35.9,137.6
2140,35.9,137.8
2142,35.9,137.8
2144,35.9,137.9
2144,35.9,138.0
2144,35.9,138.1
2146,35.9,138.2
2148,35.9,138.2
2148,35.9,138.4
2148,35.9,138.5
2150,35.9,138.6
2152,35.9,138.8
2152,35.9,138.8
2152,35.9,138.9
2154,35.9,139.0
2156,35.9,139.1
2156,35.9,139.2
2156,35.9,139.2
2158,35.9,139.4
2160,35.9,139.5
2160,35.9,139.6
2160,35.9,139.8
2162,35.9,139.8
2164,35.9,139.9
2164,35.9,140.0
2164,35.9,140.1
2166,35.9,140.2
2168,35.9,140.2
2168,35.9,140.4
2168,35.9,140.5
2170,35.9,140.6
2172,35.9,140.8
2172,35.8,136.1
2172,35.8,136.2
2174,35.8,136.2
2176,35.8,136.4
2176,35.8,136.5
2176,35.8,136.6
2178,35.8,136.8
2180,35.8,136.8
2180,35.8,136.9
2180,35.8,137.0
2182,35.8,137.1
2184,35.8,137.2
2184,35.8,137.2
2184,35.8,137.4
2186,35.8,137.5
2188,35.8,137.6
2188,35.8,137.8
2188,35.8,137.8
2190,35.8,137.9
2192,35.8,138.0
2192,35.8,138.1
2192,35.8,138.2
2194,35.8,138.2
2196,35.8,138.4
2196,35.8,138.5
2196,35.8,138.6
2198,35.8,138.8
2200,35.8,138.8
2200,35.8,138.9
2200,35.8,139.0
2202,35.8,139.1
2204,35.8,139.2
2204,35.8,139.2
2204,35.8,139.4
2206,35.8,139.5
2208,35.8,139.6
2208,35.8,139.8
2208,35.8,139.8
2210,35.8,139.9
2212,35.8,140.0
2212,35.8,140.1
2212,35.8,140.2
2214,35.8,140.2
2216,35.8,140.4
2216,35.8,140.5
2216,35.8,140.6
2218,35.8,140.8
2220,35.7,135.1
2220,35.7,135.2
2220,35.7,136.0
2222,35.7,136.1
2224,35.7,136.2
2224,35.7,136.2
2224,35.7,136.4
2226,35.7,136.5
2228,35.7,136.6
2228,35.7,136.8
2228,35.7,136.8
2230,35.7,136.9
2232,35.7,137.0
2232,35.7,137.1
2232,35.7,137.2
2234,35.7,137.2
2236,35.7,137.4
2236,35.7,137.5
2236,35.7,137.6
2238,35.7,137.8
2240,35.7,137.8
2240,35.7,137.9
2240,35.7,138.0
2242,35.7,138.1
2244,35.7,138.2
2244,35.7,138.2
2244,35.7,138.4
2246,35.7,138.5
2248,35.7,138.6
2248,35.7,138.8
2248,35.7,138.8
2250,35.7,138.9
2252,35.7,139.0
2252,35.7,139.1
2252,35.7,139.2
2254,35.7,139.2
2256,35.7,139.4
2256,35.7,139.5
2256,35.7,139.6
2258,35.7,139.8
2260,35.7,139.8
2260,35.7,139.9
2260,35.7,140.0
2262,35.7,140.1
2264,35.7,140.2
2264,35.7,140.2
2264,35.7,140.4
2266,35.7,140.5
2268,35.7,140.6
2268,35.6,134.4
2268,35.6,134.5
2270,35.6,134.6
2272,35.6,134.8
2272,35.6,134.8
2272,35.6,134.9
2274,35.6,135.0
2276,35.6,135.1
2276,35.6,135.2
2276,35.6,135.9
2278,35.6,136.0
2280,35.6,136.1
2280,35.6,136.2
2280,35.6,136.2
2282,35.6,136.4
2284,35.6,136.5
2284,35.6,136.6
2284,35.6,136.8
2286,35.6,136.8
2288,35.6,136.9
2288,35.6,137.0
2288,35.6,137.1
2290,35.6,137.2
2292,35.6,137.2
2292,35.6,137.4
2292,35.6,137.5
2294,35.6,137.6
2296,35.6,137.8
2296,35.6,137.8
2296,35.6,137.9
2298,35.6,138.0
2300,35.6,138.1
2300,35.6,138.2
2300,35.6,138.2
2302,35.6,138.4
2304,35.6,138.5
2304,35.6,138.6
2304,35.6,138.8
2306,35.6,138.8
2308,35.6,138.9
2308,35.6,139.0
2308,35.6,139.1
2310,35.6,139.2
2312,35.6,139.2
2312,35.6,139.4
2312,35.6,139.5
2314,35.6,139.6
2316,35.6,139.8
2316,35.6,139.8
2316,35.6,140.1
2318,35.6,140.2
2320,35.6,140.2
2320,35.6,140.4
2320,35.5,132.9
2322,35.5,133.0
2324,35.5,133.1
2324,35.5,133.2
2324,35.5,133.5
2326,35.5,133.6
2328,35.5,133.8
2328,35.5,134.0
2328,35.5,134.1
2330,35.5,134.2
2332,35.5,134.2
2332,35.5,134.4
2332,35.5,134.5
2334,35.5,134.6
2336,35.5,134.8
2336,35.5,134.8
2336,35.5,134.9
2338,35.5,135.0
2340,35.5,135.1
2340,35.5,135.2
2340,35.5,135.2
2342,35.5,135.4
2344,35.5,135.6
2344,35.5,135.8
2344,35.5,135.9
2346,35.5,136.0
2348,35.5,136.1
2348,35.5,136.2
2348,35.5,136.2
2350,35.5,136.4
2352,35.5,136.5
2352,35.5,136.6
2352,35.5,136.8
2354,35.5,136.8
2356,35.5,136.9
2356,35.5,137.0
2356,35.5,137.1
2358,35.5,137.2
2360,35.5,137.2
2360,35.5,137.4
2360,35.5,137.5
2362,35.5,137.6
2364,35.5,137.8
2364,35.5,137.8
2364,35.5,137.9
2366,35.5,138.0
2368,35.5,138.1
2368,35.5,138.2
2368,35.5,138.2
2370,35.5,138.4
2372,35.5,138.5
2372,35.5,138.6
2372,35.5,138.8
2374,35.5,138.8
2376,35.5,138.9
2376,35.5,139.0
2376,35.5,139.1
2378,35.5,139.2
2380,35.5,139.2
2380,35.5,139.4
2380,35.5,139.5
2382,35.5,139.6
2384,35.5,139.8
2384,35.5,140.1
2384,35.5,140.2
2386,35.5,140.2
2388,35.4,132.8
2388,35.4,132.8
2388,35.4,132.9
2390,35.4,133.0
2392,35.4,133.1
2392,35.4,133.2
2392,35.4,133.2
2394,35.4,133.4
2396,35.4,133.5
2396,35.4,133.6
2396,35.4,133.8
2398,35.4,133.8
2400,35.4,133.9
2400,35.4,134.0
2400,35.4,134.1
2402,35.4,134.2
2404,35.4,134.2
2404,35.4,134.4
2404,35.4,134.5
2406,35.4,134.6
2408,35.4,134.8
2408,35.4,134.8
2408,35.4,134.9
2410,35.4,135.0
2412,35.4,135.1
2412,35.4,135.2
2412,35.4,135.2
2414,35.4,135.4
2416,35.4,135.5
2416,35.4,135.6
2416,35.4,135.8
2418,35.4,135.8
2420,35.4,135.9
2420,35.4,136.0
2420,35.4,136.1
2422,35.4,136.2
2424,35.4,136.2
2424,35.4,136.4
2424,35.4,136.5
2426,35.4,136.6
2428,35.4,136.8
2428,35.4,136.8
2428,35.4,136.9
2430,35.4,137.0
2432,35.4,137.1
2432,35.4,137.2
2432,35.4,137.2
2434,35.4,137.4
2436,35.4,137.5
2436,35.4,137.6
2436,35.4,137.8
2438,35.4,137.8
2440,35.4,137.9
2440,35.4,138.0
2440,35.4,138.1
2442,35.4,138.2
2444,35.4,138.2
2444,35.4,138.4
2444,35.4,138.5
2446,35.4,138.6
2448,35.4,138.8
2448,35.4,138.8
2448,35.4,138.9
2450,35.4,139.0
2452,35.4,139.1
2452,35.4,139.2
2452,35.4,139.2
2454,35.4,139.4
2456,35.4,139.5
2456,35.4,139.6
2456,35.4,140.0
2458,35.4,140.1
2460,35.4,140.2
2460,35.4,140.2
2460,35.3,132.8
2462,35.3,132.8
2464,35.3,132.9
2464,35.3,133.0
2464,35.3,133.1
2466,35.3,133.2
2468,35.3,133.2
2468,35.3,133.4
2468,35.3,133.5
2470,35.3,133.6
2472,35.3,133.8
2472,35.3,133.8
2472,35.3,133.9
2474,35.3,134.0
2476,35.3,134.1
2476,35.3,134.2
2476,35.3,134.2
2478,35.3,134.4
2480,35.3,134.5
2480,35.3,134.6
2480,35.3,134.8
2482,35.3,134.8
2484,35.3,134.9
2484,35.3,135.0
2484,35.3,135.1
2486,35.3,135.2
2488,35.3,135.2
2488,35.3,135.4
2488,35.3,135.5
2490,35.3,135.6
2492,35.3,135.8
2492,35.3,135.8
2492,35.3,135.9
2494,35.3,136.0
2496,35.3,136.1
2496,35.3,136.2
2496,35.3,136.2
2498,35.3,136.4
2500,35.3,136.5
2500,35.3,136.6
2500,35.3,136.8
2502,35.3,136.8
2504,35.3,136.9
2504,35.3,137.0
2504,35.3,137.1
2506,35.3,137.2
2508,35.3,137.2
2508,35.3,137.4
2508,35.3,137.5
2510,35.3,137.6
2512,35.3,137.8
2512,35.3,137.8
2512,35.3,137.9
2514,35.3,138.0
2516,35.3,138.1
2516,35.3,138.2
2516,35.3,138.2
2518,35.3,138.4
2520,35.3,138.5
2520,35.3,138.6
2520,35.3,138.8
2522,35.3,138.8
2524,35.3,138.9
2524,35.3,139.0
2524,35.3,139.1
2526,35.3,139.6
2528,35.3,139.9
2528,35.3,140.0
2528,35.3,140.1
2530,35.3,140.2
2532,35.3,140.2
2532,35.2,132.5
2532,35.2,132.6
2534,35.2,132.8
2536,35.2,132.8
2536,35.2,132.9
2536,35.2,133.0
2538,35.2,133.1
2540,35.2,133.2
2540,35.2,133.2
2540,35.2,133.4
2542,35.2,133.5
2544,35.2,133.6
2544,35.2,133.8
2544,35.2,133.8
2546,35.2,133.9
2548,35.2,134.0
2548,35.2,134.1
2548,35.2,134.2
2550,35.2,134.2
2552,35.2,134.4
2552,35.2,134.5
2552,35.2,134.6
2554,35.2,134.8
2556,35.2,134.8
2556,35.2,134.9
2556,35.2,135.0
2558,35.2,135.1
2560,35.2,135.2
2560,35.2,135.2
2560,35.2,135.4
2562,35.2,135.5
2564,35.2,135.6
2564,35.2,135.8
2564,35.2,135.8
2566,35.2,135.9
2568,35.2,136.0
2568,35.2,136.1
2568,35.2,136.2
2570,35.2,136.2
2572,35.2,136.4
2572,35.2,136.5
2572,35.2,136.6
2574,35.2,136.8
2576,35.2,136.8
2576,35.2,136.9
2576,35.2,137.0
2578,35.2,137.1
2580,35.2,137.2
2580,35.2,137.2
2580,35.2,137.4
2582,35.2,137.5
2584,35.2,137.6
2584,35.2,137.8
2584,35.2,137.8
2586,35.2,137.9
2588,35.2,138.0
2588,35.2,138.1
2588,35.2,138.2
2590,35.2,138.2
2592,35.2,138.4
2592,35.2,138.5
2592,35.2,138.6
2594,35.2,138.8
2596,35.2,138.8
2596,35.2,138.9
2596,35.2,139.0
2598,35.2,139.1
2600,35.2,139.9
2600,35.2,140.0
2600,35.2,140.1
2602,35.2,140.2
2604,35.2,140.2
2604,35.1,132.4
2604,35.1,132.5
2606,35.1,132.6
2608,35.1,132.8
2608,35.1,132.8
2608,35.1,132.9
2610,35.1,133.0
2612,35.1,133.1
2612,35.1,133.2
2612,35.1,133.2
2614,35.1,133.4
2616,35.1,133.5
2616,35.1,133.6
2616,35.1,133.8
2618,35.1,133.8
2620,35.1,133.9
2620,35.1,134.0
2620,35.1,134.1
2622,35.1,134.2
2624,35.1,134.2
2624,35.1,134.4
2624,35.1,134.5
2626,35.1,134.6
2628,35.1,134.8
2628,35.1,134.8
2628,35.1,134.9
2630,35.1,135.0
2632,35.1,135.1
2632,35.1,135.2
2632,35.1,135.2
2634,35.1,135.4
2636,35.1,135.5
2636,35.1,135.6
2636,35.1,135.8
2638,35.1,135.8
2640,35.1,135.9
2640,35.1,136.0
2640,35.1,136.1
2642,35.1,136.2
2644,35.1,136.2
2644,35.1,136.4
2644,35.1,136.5
2646,35.1,136.6
2648,35.1,136.8
2648,35.1,136.8
2648,35.1,136.9
2650,35.1,137.0
2652,35.1,137.1
2652,35.1,137.2
2652,35.1,137.2
2654,35.1,137.4
2656,35.1,137.5
2656,35.1,137.6
2656,35.1,137.8
2658,35.1,137.8
2660,35.1,137.9
2660,35.1,138.0
2660,35.1,138.1
2662,35.1,138.2
2664,35.1,138.2
2664,35.1,138.4
2664,35.1,138.5
2666,35.1,138.9
2668,35.1,139.0
2668,35.1,139.9
2668,35.1,140.0
2670,35.1,140.1
2672,35.0,132.2
2672,35.0,132.2
2672,35.0,132.4
2674,35.0,132.5
2676,35.0,132.6
2676,35.0,132.8
2676,35.0,132.8
2678,35.0,132.9
2680,35.0,133.0
2680,35.0,133.1
2680,35.0,133.2
2682,35.0,133.2
2684,35.0,133.4
2684,35.0,133.5
2684,35.0,133.6
2686,35.0,133.8
2688,35.0,133.8
2688,35.0,133.9
2688,35.0,134.0
2690,35.0,134.1
2692,35.0,134.2
2692,35.0,134.2
2692,35.0,134.4
2694,35.0,134.5
2696,35.0,134.6
2696,35.0,134.8
2696,35.0,134.8
2698,35.0,134.9
2700,35.0,135.0
2700,35.0,135.1
2700,35.0,135.2
2702,35.0,135.2
2704,35.0,135.4
2704,35.0,135.5
2704,35.0,135.6
2706,35.0,135.8
2708,35.0,135.8
2708,35.0,135.9
2708,35.0,136.0
2710,35.0,136.1
2712,35.0,136.2
2712,35.0,136.2
2712,35.0,136.4
2714,35.0,136.5
2716,35.0,136.6
2716,35.0,136.9
2716,35.0,137.0
2718,35.0,137.1
2720,35.0,137.2
2720,35.0,137.2
2720,35.0,137.4
2722,35.0,137.5
2724,35.0,137.6
2724,35.0,137.8
2724,35.0,137.8
2726,35.0,137.9
2728,35.0,138.0
2728,35.0,138.1
2728,35.0,138.2
2730,35.0,138.2
2732,35.0,138.4
2732,35.0,138.8
2732,35.0,138.9
2734,35.0,139.0
2736,35.0,139.9
2736,34.9,132.1
2736,34.9,132.2
2738,34.9,132.2
2740,34.9,132.4
2740,34.9,132.5
2740,34.9,132.6
2742,34.9,132.8
2744,34.9,132.8
2744,34.9,132.9
2744,34.9,133.0
2746,34.9,133.1
2748,34.9,133.2
2748,34.9,133.2
2748,34.9,133.4
2750,34.9,133.5
2752,34.9,133.6
2752,34.9,133.8
2752,34.9,133.8
2754,34.9,133.9
2756,34.9,134.0
2756,34.9,134.1
2756,34.9,134.2
2758,34.9,134.2
2760,34.9,134.4
2760,34.9,134.5
2760,34.9,134.6
2762,34.9,134.8
2764,34.9,134.8
2764,34.9,134.9
2764,34.9,135.0
2766,34.9,135.1
2768,34.9,135.2
2768,34.9,135.2
2768,34.9,135.4
2770,34.9,135.5
2772,34.9,135.6
2772,34.9,135.8
2772,34.9,135.8
2774,34.9,135.9
2776,34.9,136.0
2776,34.9,136.1
2776,34.9,136.2
2778,34.9,136.2
2780,34.9,136.4
2780,34.9,136.5
2780,34.9,136.6
2782,34.9,136.9
2784,34.9,137.0
2784,34.9,137.1
2784,34.9,137.2
2786,34.9,137.2
2788,34.9,137.4
2788,34.9,137.5
2788,34.9,137.6
2790,34.9,137.8
2792,34.9,137.8
2792,34.9,137.9
2792,34.9,138.0
2794,34.9,138.1
2796,34.9,138.2
2796,34.9,138.2
2796,34.9,138.9
2798,34.9,139.0
2800,34.9,139.1
2800,34.8,132.0
2800,34.8,132.1
2802,34.8,132.2
2804,34.8,132.2
2804,34.8,132.4
2804,34.8,132.5
2806,34.8,132.6
2808,34.8,132.8
2808,34.8,132.8
2808,34.8,132.9
2810,34.8,133.0
2812,34.8,133.1
2812,34.8,133.2
2812,34.8,133.2
2814,34.8,133.4
2816,34.8,133.5
2816,34.8,133.6
2816,34.8,133.8
2818,34.8,133.8
2820,34.8,133.9
2820,34.8,134.0
2820,34.8,134.1
2822,34.8,134.2
2824,34.8,134.2
2824,34.8,134.4
2824,34.8,134.5
2826,34.8,134.6
2828,34.8,134.8
2828,34.8,134.8
2828,34.8,134.9
2830,34.8,135.0
2832,34.8,135.1
2832,34.8,135.2
2832,34.8,135.2
2834,34.8,135.4
2836,34.8,135.5
2836,34.8,135.6
2836,34.8,135.8
2838,34.8,135.8
2840,34.8,135.9
2840,34.8,136.0
2840,34.8,136.1
2842,34.8,136.2
2844,34.8,136.2
2844,34.8,136.4
2844,34.8,136.5
2846,34.8,136.9
2848,34.8,137.1
2848,34.8,137.4
2848,34.8,137.5
2850,34.8,137.6
2852,34.8,137.8
2852,34.8,137.8
2852,34.8,137.9
2854,34.8,138.0
2856,34.8,138.1
2856,34.8,138.2
2856,34.8,138.8
2858,34.8,138.9
2860,34.8,139.0
2860,34.7,131.9
2860,34.7,132.0
2862,34.7,132.1
2864,34.7,132.2
2864,34.7,132.2
2864,34.7,132.4
2866,34.7,132.5
2868,34.7,132.6
2868,34.7,132.8
2868,34.7,132.8
2870,34.7,132.9
2872,34.7,133.0
2872,34.7,133.1
2872,34.7,133.2
2874,34.7,133.2
2876,34.7,133.4
2876,34.7,133.5
2876,34.7,133.6
2878,34.7,133.8
2880,34.7,133.8
2880,34.7,133.9
2880,34.7,134.0
2882,34.7,134.1
2884,34.7,134.2
2884,34.7,134.9
2884,34.7,135.0
2886,34.7,135.1
2888,34.7,135.2
2888,34.7,135.5
2888,34.7,135.6
2890,34.7,135.8
2892,34.7,135.8
2892,34.7,135.9
2892,34.7,136.0
2894,34.7,136.1
2896,34.7,136.2
2896,34.7,136.2
2896,34.7,136.4
2898,34.7,136.5
2900,34.7,137.2
2900,34.7,137.4
2900,34.7,137.5
2902,34.7,137.8
2904,34.7,137.8
2904,34.7,137.9
2904,34.7,138.0
2906,34.7,138.1
2908,34.7,138.8
2908,34.7,138.9
2908,34.6,129.4
2910,34.6,131.6
2912,34.6,131.8
2912,34.6,131.8
2912,34.6,131.9
2914,34.6,132.0
2916,34.6,132.1
2916,34.6,132.2
2916,34.6,132.2
2918,34.6,132.4
2920,34.6,132.5
2920,34.6,132.6
2920,34.6,132.8
2922,34.6,132.8
2924,34.6,132.9
2924,34.6,133.0
2924,34.6,133.1
2926,34.6,133.2
2928,34.6,133.2
2928,34.6,133.4
2928,34.6,133.5
2930,34.6,133.6
2932,34.6,133.8
2932,34.6,133.8
2932,34.6,133.9
2934,34.6,134.1
2936,34.6,135.5
2936,34.6,135.6
2936,34.6,135.8
2938,34.6,135.8
2940,34.6,135.9
2940,34.6,136.0
2940,34.6,136.1
2942,34.6,136.2
2944,34.6,136.2
2944,34.6,136.4
2944,34.6,136.5
2946,34.5,129.2
2948,34.5,131.5
2948,34.5,131.6
2948,34.5,131.8
2950,34.5,131.8
2952,34.5,131.9
2952,34.5,132.0
2952,34.5,132.1
2954,34.5,132.2
2956,34.5,132.2
2956,34.5,132.4
2956,34.5,132.5
2958,34.5,132.6
2960,34.5,132.8
2960,34.5,132.8
2960,34.5,132.9
2962,34.5,133.0
2964,34.5,133.1
2964,34.5,133.2
2964,34.5,133.2
2966,34.5,133.4
2968,34.5,133.5
2968,34.5,133.8
2968,34.5,133.9
2970,34.5,134.2
2972,34.5,134.9
2972,34.5,135.4
2972,34.5,135.5
2974,34.5,135.6
2976,34.5,135.8
2976,34.5,135.8
2976,34.5,135.9
2978,34.5,136.0
2980,34.5,136.1
2980,34.5,136.2
2980,34.5,136.2
2982,34.5,136.4
2984,34.5,136.5
2984,34.5,136.6
2984,34.5,136.8
2986,34.5,136.8
2988,34.4,129.2
2988,34.4,131.1
2988,34.4,131.4
2990,34.4,131.5
2992,34.4,131.6
2992,34.4,131.8
2992,34.4,131.8
2994,34.4,131.9
2996,34.4,132.0
2996,34.4,132.1
2996,34.4,132.2
2998,34.4,132.2
3000,34.4,132.4
3000,34.4,132.5
3000,34.4,132.6
3002,34.4,132.8
3004,34.4,132.8
3004,34.4,132.9
3004,34.4,133.0
3006,34.4,133.1
3008,34.4,133.2
3008,34.4,133.2
3008,34.4,134.8
3010,34.4,135.4
3012,34.4,135.5
3012,34.4,135.6
3012,34.4,135.8
3014,34.4,135.8
3016,34.4,135.9
3016,34.4,136.0
3016,34.4,136.1
3018,34.4,136.2
3020,34.4,136.2
3020,34.4,136.4
3020,34.4,136.5
3022,34.4,136.6
3024,34.4,136.8
3024,34.4,136.8
3024,34.4,136.9
3026,34.3,129.2
3028,34.3,131.0
3028,34.3,131.1
3028,34.3,131.2
3030,34.3,131.2
3032,34.3,131.4
3032,34.3,131.5
3032,34.3,131.6
3034,34.3,131.8
3036,34.3,131.8
3036,34.3,131.9
3036,34.3,132.0
3038,34.3,132.1
3040,34.3,132.2
3040,34.3,132.6
3040,34.3,132.8
3042,34.3,133.8
3044,34.3,133.9
3044,34.3,134.0
3044,34.3,134.1
3046,34.3,134.2
3048,34.3,134.8
3048,34.3,134.8
3048,34.3,134.9
3050,34.3,135.2
3052,34.3,135.2
3052,34.3,135.4
3052,34.3,135.5
3054,34.3,135.6
3056,34.3,135.8
3056,34.3,135.8
3056,34.3,135.9
3058,34.3,136.0
3060,34.3,136.1
3060,34.3,136.2
3060,34.3,136.2
3062,34.3,136.4
3064,34.3,136.8
3064,34.3,136.8
3064,34.2,129.2
3066,34.2,131.0
3068,34.2,131.1
3068,34.2,131.2
3068,34.2,131.2
3070,34.2,131.4
3072,34.2,131.5
3072,34.2,131.6
3072,34.2,131.8
3074,34.2,131.8
3076,34.2,131.9
3076,34.2,132.0
3076,34.2,132.1
3078,34.2,132.2
3080,34.2,133.8
3080,34.2,133.8
3080,34.2,133.9
3082,34.2,134.0
3084,34.2,134.1
3084,34.2,134.2
3084,34.2,134.2
3086,34.2,134.4
3088,34.2,134.5
3088,34.2,134.6
3088,34.2,135.2
3090,34.2,135.2
3092,34.2,135.4
3092,34.2,135.5
3092,34.2,135.6
3094,34.2,135.8
3096,34.2,135.8
3096,34.2,135.9
3096,34.2,136.0
3098,34.2,136.1
3100,34.2,136.2
3100,34.1,130.9
3100,34.1,131.0
3102,34.1,131.1
3104,34.1,131.2
3104,34.1,131.2
3104,34.1,131.4
3106,34.1,131.5
3108,34.1,131.6
3108,34.1,131.8
3108,34.1,131.8
3110,34.1,131.9
3112,34.1,132.0
3112,34.1,132.1
3112,34.1,132.2
3114,34.1,132.5
3116,34.1,133.8
3116,34.1,133.8
3116,34.1,133.9
3118,34.1,134.0
3120,34.1,134.1
3120,34.1,134.2
3120,34.1,134.2
3122,34.1,134.4
3124,34.1,134.5
3124,34.1,135.2
3124,34.1,135.2
3126,34.1,135.4
3128,34.1,135.5
3128,34.1,135.6
3128,34.1,135.8
3130,34.1,135.8
3132,34.1,135.9
3132,34.1,136.0
3132,34.1,136.1
3134,34.1,136.2
3136,34.0,131.2
3136,34.0,131.2
3136,34.0,131.9
3138,34.0,132.0
3140,34.0,132.1
3140,34.0,132.8
3140,34.0,132.9
3142,34.0,133.0
3144,34.0,133.6
3144,34.0,133.8
3144,34.0,133.8
3146,34.0,133.9
3148,34.0,134.0
3148,34.0,134.1
3148,34.0,134.2
3150,34.0,134.2
3152,34.0,134.4
3152,34.0,134.5
3152,34.0,135.2
3154,34.0,135.2
3156,34.0,135.4
3156,34.0,135.5
3156,34.0,135.6
3158,34.0,135.8
3160,34.0,135.8
3160,34.0,135.9
3160,34.0,136.0
3162,34.0,136.1
3164,34.0,136.2
3164,33.9,130.8
3164,33.9,130.8
3166,33.9,132.1
3168,33.9,132.2
3168,33.9,132.2
3168,33.9,132.8
3170,33.9,132.9
3172,33.9,133.0
3172,33.9,133.1
3172,33.9,133.2
3174,33.9,133.2
3176,33.9,133.4
3176,33.9,133.5
3176,33.9,133.6
3178,33.9,133.8
3180,33.9,133.8
3180,33.9,133.9
3180,33.9,134.0
3182,33.9,134.1
3184,33.9,134.2
3184,33.9,134.2
3184,33.9,134.4
3186,33.9,134.5
3188,33.9,134.6
3188,33.9,135.1
3188,33.9,135.2
3190,33.9,135.2
3192,33.9,135.4
3192,33.9,135.5
3192,33.9,135.6
3194,33.9,135.8
3196,33.9,135.8
3196,33.9,135.9
3196,33.9,136.0
3198,33.9,136.1
3200,33.8,129.8
3200,33.8,130.5
3200,33.8,130.6
3202,33.8,130.8
3204,33.8,130.8
3204,33.8,130.9
3204,33.8,132.8
3206,33.8,132.9
3208,33.8,133.0
3208,33.8,133.1
3208,33.8,133.2
3210,33.8,133.2
3212,33.8,133.4
3212,33.8,133.5
3212,33.8,133.6
3214,33.8,133.8
3216,33.8,133.8
3216,33.8,133.9
3216,33.8,134.0
3218,33.8,134.1
3220,33.8,134.2
3220,33.8,134.2
3220,33.8,134.4
3222,33.8,134.5
3224,33.8,134.6
3224,33.8,135.2
3224,33.8,135.4
3226,33.8,135.5
3228,33.8,135.6
3228,33.8,135.8
3228,33.8,135.8
3230,33.8,135.9
3232,33.8,136.0
3232,33.7,130.5
3232,33.7,130.6
3234,33.7,130.8
3236,33.7,130.8
3236,33.7,130.9
3236,33.7,131.0
3238,33.7,132.8
3240,33.7,132.8
3240,33.7,132.9
3240,33.7,133.0
3242,33.7,133.1
3244,33.7,133.2
3244,33.7,133.2
3244,33.7,133.4
3246,33.7,133.5
3248,33.7,133.6
3248,33.7,133.8
3248,33.7,133.8
3250,33.7,133.9
3252,33.7,134.0
3252,33.7,134.1
3252,33.7,134.2
3254,33.7,134.2
3256,33.7,134.4
3256,33.7,134.5
3256,33.7,135.4
3258,33.7,135.5
3260,33.7,135.6
3260,33.7,135.8
3260,33.7,135.8
3262,33.7,135.9
3264,33.6,130.2
3264,33.6,130.4
3264,33.6,130.5
3266,33.6,130.6
3268,33.6,130.8
3268,33.6,130.8
3268,33.6,130.9
3270,33.6,131.0
3272,33.6,131.1
3272,33.6,131.5
3272,33.6,131.6
3274,33.6,131.8
3276,33.6,132.5
3276,33.6,132.6
3276,33.6,132.8
3278,33.6,132.8
3280,33.6,132.9
3280,33.6,133.0
3280,33.6,133.1
3282,33.6,133.2
3284,33.6,133.2
3284,33.6,133.4
3284,33.6,133.5
3286,33.6,133.6
3288,33.6,133.8
3288,33.6,133.8
3288,33.6,133.9
3290,33.6,134.0
3292,33.6,134.1
3292,33.6,134.2
3292,33.6,134.2
3294,33.6,135.5
3296,33.6,135.6
3296,33.6,135.8
3296,33.6,135.8
3298,33.6,135.9
3300,33.5,129.9
3300,33.5,130.1
3300,33.5,130.2
3302,33.5,130.2
3304,33.5,130.4
3304,33.5,130.5
3304,33.5,130.6
3306,33.5,130.8
3308,33.5,130.8
3308,33.5,130.9
3308,33.5,131.0
3310,33.5,131.1
3312,33.5,131.2
3312,33.5,131.2
3312,33.5,131.4
3314,33.5,131.5
3316,33.5,131.6
3316,33.5,131.8
3316,33.5,132.4
3318,33.5,132.5
3320,33.5,132.6
3320,33.5,132.8
3320,33.5,132.8
3322,33.5,132.9
3324,33.5,133.0
3324,33.5,133.1
3324,33.5,133.2
3326,33.5,133.2
3328,33.5,133.4
3328,33.5,134.0
3328,33.5,134.1
3330,33.5,134.2
3332,33.4,129.9
3332,33.4,130.0
3332,33.4,130.1
3334,33.4,130.2
3336,33.4,130.2
3336,33.4,130.4
3336,33.4,130.5
3338,33.4,130.6
3340,33.4,130.8
3340,33.4,130.8
3340,33.4,130.9
3342,33.4,131.0
3344,33.4,131.1
3344,33.4,131.2
3344,33.4,131.2
3346,33.4,131.4
3348,33.4,131.5
3348,33.4,131.6
3348,33.4,132.5
3350,33.4,132.6
3352,33.4,132.8
3352,33.4,132.8
3352,33.4,132.9
3354,33.4,133.0
3356,33.4,133.1
3356,33.4,133.2
3356,33.4,133.2
3358,33.4,134.1
3360,33.4,134.2
3360,33.3,129.6
3360,33.3,129.8
3362,33.3,129.8
3364,33.3,129.9
3364,33.3,130.0
3364,33.3,130.1
3366,33.3,130.2
3368,33.3,130.2
3368,33.3,130.4
3368,33.3,130.5
3370,33.3,130.6
3372,33.3,130.8
3372,33.3,130.8
3372,33.3,130.9
3374,33.3,131.0
3376,33.3,131.1
3376,33.3,131.2
3376,33.3,131.2
3378,33.3,131.4
3380,33.3,131.5
3380,33.3,132.6
3380,33.3,132.8
3382,33.3,132.8
3384,33.3,132.9
3384,33.3,133.0
3384,33.3,133.1
3386,33.3,133.2
3388,33.2,129.8
3388,33.2,129.8
3388,33.2,129.9
3390,33.2,130.0
3392,33.2,130.1
3392,33.2,130.2
3392,33.2,130.2
3394,33.2,130.4
3396,33.2,130.5
3396,33.2,130.6
3396,33.2,130.8
3398,33.2,130.8
3400,33.2,130.9
3400,33.2,131.0
3400,33.2,131.1
3402,33.2,131.2
3404,33.2,131.2
3404,33.2,131.4
3404,33.2,131.5
3406,33.2,131.6
3408,33.2,131.8
3408,33.2,131.8
3408,33.2,132.6
3410,33.2,132.8
3412,33.2,132.8
3412,33.2,132.9
3412,33.2,133.0
3414,33.2,133.1
3416,33.2,133.2
3416,33.1,129.8
3416,33.1,129.9
3418,33.1,130.0
3420,33.1,130.1
3420,33.1,130.5
3420,33.1,130.6
3422,33.1,130.8
3424,33.1,130.8
3424,33.1,130.9
3424,33.1,131.0
3426,33.1,131.1
3428,33.1,131.2
3428,33.1,131.2
3428,33.1,131.4
3430,33.1,131.5
3432,33.1,131.6
3432,33.1,131.8
3432,33.1,131.8
3434,33.1,132.6
3436,33.1,132.8
3436,33.1,132.8
3436,33.1,132.9
3438,33.1,133.0
3440,33.0,129.8
3440,33.0,129.8
3440,33.0,130.0
3442,33.0,130.1
3444,33.0,130.5
3444,33.0,130.6
3444,33.0,130.8
3446,33.0,130.8
3448,33.0,130.9
3448,33.0,131.0
3448,33.0,131.1
3450,33.0,131.2
3452,33.0,131.2
3452,33.0,131.4
3452,33.0,131.5
3454,33.0,131.6
3456,33.0,131.8
3456,33.0,131.8
3456,33.0,132.6
3458,33.0,132.8
3460,33.0,132.8
3460,33.0,132.9
3460,33.0,133.0
3462,32.9,129.8
3464,32.9,130.0
3464,32.9,130.1
3464,32.9,130.5
3466,32.9,130.6
3468,32.9,130.8
3468,32.9,130.8
3468,32.9,130.9
3470,32.9,131.0
3472,32.9,131.1
3472,32.9,131.2
3472,32.9,131.2
3474,32.9,131.4
3476,32.9,131.5
3476,32.9,131.6
3476,32.9,131.8
3478,32.9,131.8
3480,32.9,131.9
3480,32.9,132.8
3480,32.9,132.9
3482,32.8,129.8
3484,32.8,129.9
3484,32.8,130.0
3484,32.8,130.1
3486,32.8,130.2
3488,32.8,130.8
3488,32.8,130.8
3488,32.8,130.9
3490,32.8,131.0
3492,32.8,131.1
3492,32.8,131.2
3492,32.8,131.2
3494,32.8,131.4
3496,32.8,131.5
3496,32.8,131.6
3496,32.8,131.8
3498,32.8,131.8
3500,32.8,132.8
3500,32.8,132.9
3500,32.7,128.8
3502,32.7,128.8
3504,32.7,129.9
3504,32.7,130.2
3504,32.7,130.2
3506,32.7,130.8
3508,32.7,130.8
3508,32.7,130.9
3508,32.7,131.0
3510,32.7,131.1
3512,32.7,131.2
3512,32.7,131.2
3512,32.7,131.4
3514,32.7,131.5
3516,32.7,131.6
3516,32.7,131.8
3516,32.7,131.8
3518,32.6,130.5
3520,32.6,130.8
3520,32.6,130.8
3520,32.6,130.9
3522,32.6,131.0
3524,32.6,131.1
3524,32.6,131.2
3524,32.6,131.2
3526,32.6,131.4
3528,32.6,131.5
3528,32.6,131.6
3528,32.6,131.8
3530,32.5,130.1
3532,32.5,130.4
3532,32.5,130.6
3532,32.5,130.8
3534,32.5,130.8
3536,32.5,130.9
3536,32.5,131.0
3536,32.5,131.1
3538,32.5,131.2
3540,32.5,131.2
3540,32.5,131.4
3540,32.5,131.5
3542,32.5,131.6
3544,32.4,130.1
3544,32.4,130.2
3544,32.4,130.6
3546,32.4,130.8
3548,32.4,130.8
3548,32.4,130.9
3548,32.4,131.0
3550,32.4,131.1
3552,32.4,131.2
3552,32.4,131.2
3552,32.4,131.4
3554,32.4,131.5
3556,32.4,131.6
3556,32.3,130.1
3556,32.3,130.5
3558,32.3,130.6
3560,32.3,130.8
3560,32.3,130.8
3560,32.3,130.9
3562,32.3,131.0
3564,32.3,131.1
3564,32.3,131.2
3564,32.3,131.2
3566,32.3,131.4
3568,32.3,131.5
3568,32.2,130.4
3568,32.2,130.5
3570,32.2,130.6
3572,32.2,130.8
3572,32.2,130.8
3572,32.2,130.9
3574,32.2,131.0
3576,32.2,131.1
3576,32.2,131.2
3576,32.2,131.2
3578,32.2,131.4
3580,32.2,131.5
3580,32.1,130.2
3580,32.1,130.2
3582,32.1,130.4
3584,32.1,130.5
3584,32.1,130.6
3584,32.1,130.8
3586,32.1,130.8
3588,32.1,130.9
3588,32.1,131.0
3588,32.1,131.1
3590,32.1,131.2
3592,32.1,131.2
3592,32.1,131.4
3592,32.0,130.2
3594,32.0,130.4
3596,32.0,130.5
3596,32.0,130.6
3596,32.0,130.8
3598,32.0,130.8
3600,32.0,130.9
3600,32.0,131.0
3600,32.0,131.1
3602,32.0,131.2
3604,32.0,131.2
3604,32.0,131.4
3604,31.9,130.2
3606,31.9,130.4
3608,31.9,130.5
3608,31.9,130.6
3608,31.9,130.8
3610,31.9,130.8
3612,31.9,130.9
3612,31.9,131.0
3612,31.9,131.1
3614,31.9,131.2
3616,31.9,131.2
3616,31.9,131.4
3616,31.8,130.2
3618,31.8,130.2
3620,31.8,130.4
3620,31.8,130.5
3620,31.8,130.6
3622,31.8,130.8
3624,31.8,130.8
3624,31.8,130.9
3624,31.8,131.0
3626,31.8,131.1
3628,31.8,131.2
3628,31.8,131.2
3628,31.8,131.4
3630,31.7,129.8
3632,31.7,130.2
3632,31.7,130.4
3632,31.7,130.5
3634,31.7,130.6
3636,31.7,130.9
3636,31.7,131.0
3636,31.7,131.1
3638,31.7,131.2
3640,31.7,131.2
3640,31.7,131.4
3640,31.6,130.4
3642,31.6,130.5
3644,31.6,130.8
3644,31.6,130.9
3644,31.6,131.0
3646,31.6,131.1
3648,31.6,131.2
3648,31.6,131.2
3648,31.6,131.4
3650,31.5,130.4
3652,31.5,130.5
3652,31.5,130.8
3652,31.5,130.9
3654,31.5,131.0
3656,31.5,131.1
3656,31.5,131.2
3656,31.5,131.2
3658,31.4,130.2
3660,31.4,130.4
3660,31.4,130.5
3660,31.4,130.8
3662,31.4,130.9
3664,31.4,131.0
3664,31.3,130.2
3664,31.3,130.4
3666,31.3,130.5
3668,31.3,130.9
3668,31.3,131.0
3668,31.2,130.8
3670,31.2,130.9
3672,31.2,131.0
3672,31.1,130.8
3672,31.1,130.8
3674,30.7,131.0
3676,30.6,131.0
3676,30.4,130.5
3676,30.4,130.6
3678,30.4,130.9
3680,30.3,130.5
3680,30.3,130.6
3680,28.4,129.6
3682,28.3,129.2
3684,28.3,129.4
3684,28.2,129.2
3684,28.2,129.4
3686,27.8,129.0
3688,27.4,128.6
3688,26.8,128.2
3688,26.7,128.2
3690,26.6,128.0
3692,26.6,128.1
3692,26.4,127.8
3692,26.3,127.8
3694,26.2,127.7
3696,24.8,125.3
3696,24.4,124.2
3696,24.3,123.8
